date,account,title,url
2026-07-15,ise_satoshi,"壁にぶつかったときに大切な心の持ち方【美容師25年】",https://youtu.be/UbMwNgSy-Hs
2026-07-15,sessi_life,"【薄毛対策】気になったら即見直すべき3つのポイント",https://youtu.be/7g_nmorwqLw
2026-07-15,ko_gi_omoti,"【犬の日常】飼い主が帰ってきたときのテンション",https://youtu.be/hwUMWRH0_3c
2026-07-16,ise_satoshi,"【誰かに認められたい】気持ちの正しい付き合い方",https://youtu.be/UKz_S6P5dGs
2026-07-16,satoshi_mindset,"【波との付き合い方】人生を上手に生きる",https://youtu.be/QIUK1CKsIbA
2026-07-16,satoshi_mind_coach,"【40歳独立】後悔したこと・しなかったこと",https://youtu.be/vBFQOceKoG0
2026-07-16,ise_sato_kosodate,"【聖の話】子どもに見せるべき姿",https://youtu.be/RRRpeZ6vwbk
2026-07-16,ise_satoshi,"【秘密】頑張り屋ほど疲れやすい理由",https://youtu.be/n_p6Oeo4_Ds
2026-07-16,ise_satoshi,"自分に優しくなる方法とは？【心の癒し】",https://youtu.be/Klw7BPE58FU
2026-07-16,tabi_life_design40,"【貯金の目的】人生を豊かにする考え方",https://youtu.be/-zcwTxd_xKA
2026-07-16,sessi_life,"【美容のコツ】あなたの髪が好きなはず！シャンプーの仕方で変わる髪の印象",https://youtu.be/x0stLc6Plfw
2026-07-16,ko_gi_omoti,"【もちのあるある】飼い主とお風呂は大変なのだ",https://youtu.be/Y6E1ZduqNsg
2026-07-17,ise_satoshi,"【人間関係の秘訣】距離感が変わる【人生のヒント】",https://youtu.be/8u7nKcOHQGY
2026-07-17,satoshi_mindset,"【運気の流れ】動くべきタイミングを逃さないコツ",https://youtu.be/pmYsdi1M-04
2026-07-17,satoshi_mind_coach,"【経営者の視点】独立して初めて気付いたこと",https://youtu.be/WXzWsynbfz8
2026-07-17,ise_sato_kosodate,"【忙しい美容師必見】仕事と子育ての両立法",https://youtu.be/IxosKhS0gMQ
2026-07-17,ise_kenkou_otaku,"体調管理を後回しにした結果【美容師の教訓】",https://youtu.be/wDVYs2nL7TI
2026-07-17,tabi_life_design40,"【お金を使うことへの罪悪感】その正体とは？",https://youtu.be/p73bWM6t85A
2026-07-17,sessi_life,"【四十代からの】スキンケアで意識したいこと",https://youtu.be/ptf8RS0AB-I
2026-07-17,ko_gi_omoti,"【コーギーあるある】宅配便に謎の警戒なのだ！",https://youtu.be/y0B_2hx7ogo
2026-07-17,ise_satoshi,"【人生哲学】『まあいいか』が言えるまでの僕の旅",https://youtu.be/9KwoCdsGbm0
2026-07-18,satoshi_mindset,"【流れを味方にする】占いは必要ない？",https://youtu.be/ztjAU-qUMGU
2026-07-18,satoshi_mind_coach,"【独立後の孤独感】僕が乗り越えた方法",https://youtu.be/cxotzWutdIQ
2026-07-18,ise_sato_kosodate,"【親の鏡】僕が子どもに申し訳ないと思ったエピソード",https://youtu.be/WhhiBBqy92k
2026-07-18,ise_kenkou_otaku,"【体が重いと頭も重くなる】美容師の僕が知った重さと判断力の関係",https://youtu.be/oSdpO6gGwTE
2026-07-18,tabi_life_design40,"【お金の使い方】シャンパンタワーの法則を知る",https://youtu.be/XaF0dl_iTFU
2026-07-18,sessi_life,"【肌と髪の関係】乾燥肌と髪の乾燥は繋がっている？",https://youtu.be/7TncRbnUmfo
2026-07-18,ko_gi_omoti,"【もちのあるある】ぼくの家では毎日こうなのだ",https://youtu.be/7BpEpRu_I3c
2026-07-18,ise_satoshi,"【不確実性に立ち向かう】不安にさようなら！僕が気づいた「やり方より、あり方」",https://youtu.be/tPdtNhkKxQc
2026-07-19,satoshi_mindset,"【運気の流れ】季節が変わる前兆に気づく",https://youtu.be/0y2nfrCYn78
2026-07-19,satoshi_mind_coach,"【小さく始める】独立って本当にいいので？僕の25年",https://youtu.be/xlUmaMAlP5g
2026-07-19,ise_sato_kosodate,"【心の余裕】が子育てを変える！僕が見つけた正しい親の在り方",https://youtu.be/3iMErnAoQW0
2026-07-19,ise_kenkou_otaku,"【健康】経営者なら知っておきたい、後回しにする心理の落とし穴",https://youtu.be/prC_ZCsV_u8
2026-07-19,tabi_life_design40,"【お金の不安】四十代からの向き合い方",https://youtu.be/XynIe8RLXKs
2026-07-19,sessi_life,"【美容師の教え】ドライヤーの正しい使い方",https://youtu.be/1NP033569xs
2026-07-19,ko_gi_omoti,"【もちの留守番】やらかしたことのあるある",https://youtu.be/jGt7o8GyGG8
2026-07-20,ise_satoshi,"【失敗を切り捨てろ！】僕が過去を乗り越えた秘訣",https://youtu.be/YoNuc2Ab4_g
2026-07-20,satoshi_mind_coach,"【独立】反対された僕が学んだ、向き合い方【聖のコロナ禍独立ストーリー】",https://youtu.be/czJ3C7ZvJcw
2026-07-20,ise_kenkou_otaku,"【忙しくても】簡単な体のケア【美容師が教える】",https://youtu.be/5KYZeck-CsI
2026-07-20,tabi_life_design40,"【老後資金】今の暮らしを充実させながら貯めたい！僕が考えるバランス",https://youtu.be/te7C9lpEfmc
2026-07-20,sessi_life,"【白髪と上手に付き合う】コツはこちら",https://youtu.be/uO1vpcrU1_4
2026-07-20,ko_gi_omoti,"【犬の日常】ぼくは他のお犬さんと会うとどうするのかなのだ",https://youtu.be/tAwGENVFxSA
2026-07-21,ise_satoshi,"【感謝の习慣】人生を変える【秘訣】",https://youtu.be/OBW1QyAXzz8
2026-07-21,satoshi_mindset,"【季節の流れ】独立・停滞・成功の運気を読む",https://youtu.be/RXnZ8cc-87k
2026-07-21,satoshi_mind_coach,"【独立】会社を辞める前に知っておきたいこと",https://youtu.be/NoDnUxTBwso
2026-07-21,ise_sato_kosodate,"【親子関係】信頼関係を築くコツ",https://youtu.be/pxS6ColHPhw
2026-07-21,ise_kenkou_otaku,"【ストレス解消】美容師が語る体の不調の正体",https://youtu.be/ugqPoChp03g
2026-07-21,tabi_life_design40,"時間を優先するお金の使い方とは【実体験】",https://youtu.be/RvW7wqRZVug
2026-07-21,sessi_life,"【保湿ケア】四〇代の肌に必要なスキンケアを紹介",https://youtu.be/udgRayUtHSc
2026-07-21,ko_gi_omoti,"【コーギーもちの日常】膝の上をめぐる戦いなのだ",https://youtu.be/3-cn4gbjP2I
2026-07-22,satoshi_mindset,"【運気の流れ】自分を知り、楽になる理由",https://youtu.be/zjlenu29mJM
2026-07-22,satoshi_mind_coach,"【聖の独立ストーリー】独立後停滞期を乗り越えた僕",https://youtu.be/1yiqb1bkS2s
2026-07-22,ise_sato_kosodate,"【子育て】忙しい親の声掛け術",https://youtu.be/o6JObTpd2WE
2026-07-22,ise_kenkou_otaku,"【40代から】食生活を見直す【美容師の実体験】",https://youtu.be/o91i8c0nVY4
2026-07-22,tabi_life_design40,"【節約の落とし穴】我慢と節約の違いが人生を変える",https://youtu.be/bjsUOH8_z1A
2026-07-22,sessi_life,"【頭皮の秘密】美容師が教える頭皮環境を整える方法",https://youtu.be/fVrdsrbtIHo
2026-07-22,ko_gi_omoti,"【冬】布団から出たくないもちの日常",https://youtu.be/1y2avY_q-0s
2026-07-23,ise_satoshi,"【機嫌を取る方法】自分を満たす秘訣",https://youtu.be/eEv-oHO6UTU
2026-07-23,satoshi_mindset,"【運氣】巡ってくるチャンスを逃さない僕の考え方",https://youtu.be/UJPbycB2BKk
2026-07-23,satoshi_mind_coach,"【独立】独立してよかった瞬間",https://youtu.be/Vlp0scnmU38
2026-07-23,ise_sato_kosodate,"【子育て】僕が学んだ自分への教え",https://youtu.be/S89dzPVn7xM
2026-07-23,ise_kenkou_otaku,"【健康テーマ】僕が運動不足を自覚したきっかけ",https://youtu.be/Vb6dP_nwflU
2026-07-23,tabi_life_design40,"【お金の考え方】独立してからどう変わった？",https://youtu.be/OkE9w9d74IE
2026-07-23,sessi_life,"【美容室で】よく聞かれる髪の悩みベスト③",https://youtu.be/y4lX70rkQ_E
2026-07-23,ko_gi_omoti,"【暑い】飼い主を困らせるぼくのへばり方",https://youtu.be/tKpLZtBes2A
2026-07-24,satoshi_mindset,"【休み方】頑張りどきと休みどきの見極め方",https://youtu.be/u_9j5j5_JKc
2026-07-24,satoshi_mind_coach,"【勇気】「安定」を手放す理由",https://youtu.be/TE9hDlUxdfs
2026-07-24,ise_sato_kosodate,"【子育ての悩み】「正解」はなかった！僕が気づいた瞬間",https://youtu.be/8zT0gwaeuVE
2026-07-24,ise_kenkou_otaku,"【休むことの重要性】美容師25年の僕が実感した体調管理のコツ",https://youtu.be/ZpLCWOJMCSQ
2026-07-24,tabi_life_design40,"【40代からのお金の使い方】価値観が見えてきた",https://youtu.be/DomzhLx2A2s
2026-07-24,sessi_life,"【エイジングケア】焦らなくていい理由",https://youtu.be/DXHLbRZNW58
2026-07-24,ko_gi_omoti,"【もちのあるある】飼い主は知らない新しいおもちゃの命",https://youtu.be/zpeu63CAuUY
2026-07-25,satoshi_mindset,"【季節】相性の秘密がわかった！人間関係の悩みを解決する",https://youtu.be/KPplgq_YDMA
2026-07-25,ise_kenkou_otaku,"【肌と体調の関係】美容師が見た驚きの事実",https://youtu.be/xEVjQjqDdnM
2026-07-25,tabi_life_design40,"【節約】何にお金を使うと満たされるか",https://youtu.be/i92AUdhgiYY
2026-07-25,sessi_life,"【ツヤ髪の秘訣】美容師が教える髪の悩み解決法",https://youtu.be/Nz5MMio2n3s
2026-07-26,satoshi_mindset,"【運気の流れ】今は種をまく時期！？僕が25年以上美容師として経験した",https://youtu.be/-JPDZZDGd6Y
2026-07-26,satoshi_mind_coach,"[聖が語る] 収入不安定時の乗り切り方",https://youtu.be/H9cQAXKMqlk
2026-07-26,ise_sato_kosodate,"子どもの成長を感じた瞬間【親子関係】",https://youtu.be/NMy8AMbgtUE
2026-07-26,tabi_life_design40,"【必見】40代からの人生設計見直し法",https://youtu.be/E0MZUW8w6G0
2026-07-26,sessi_life,"春の髪トラブル【解決】方法",https://youtu.be/g3tyMDATEP4
2026-07-26,ko_gi_omoti,"【犬の目線】飼い主との日常のあるある！朝の起こし方は超個性的〜なのだ",https://youtu.be/0Q2KxECvEHE
2026-07-27,satoshi_mindset,"【運気アップ】良い人がやっていること",https://youtu.be/6b5S8xpwivw
2026-07-27,satoshi_mind_coach,"【独立の味】人間関係が大変変わった僕",https://youtu.be/kdtsoBnOKCw
2026-07-27,ise_sato_kosodate,"【夫婦で子育ての価値観がズレたとき】 僕が見つけた正解",https://youtu.be/xYV9FlWzn2c
2026-07-27,ise_kenkou_otaku,"【美容師の経営学】体の土台が経営に及ぼす影響",https://youtu.be/oo_3R1Od-y8
2026-07-27,tabi_life_design40,"お金の不安が消えない本当の理由【人生設計】",https://youtu.be/UejUrE1WWS4
2026-07-27,sessi_life,"【美容ライターせっし】私のヘアケア選び方",https://youtu.be/MMzYZKe2WKs
2026-07-27,ko_gi_omoti,"【もちのあるある】写真を撮ろうとすると動く問題なのだ",https://youtu.be/BNiZVMTl598
2026-07-28,satoshi_mindset,"【運気の流れ】焦るな、季節の考え方で失敗を学ぶ",https://youtu.be/zvuSU6DuQZA
2026-07-28,satoshi_mind_coach,"【自由の重さ】自分で決めるということの深さ",https://youtu.be/tBI_PbFdh28
2026-07-28,ise_sato_kosodate,"子どもに寂しい思いをさせた経験【父親の視点】",https://youtu.be/vyhfn7WfF3w
2026-07-28,ise_satoshi,"頑張りすぎの経営者がやめるべきこと【心の声】",https://youtu.be/189Vwt4HWi8
2026-07-28,tabi_life_design40,"【お金】増えても、満たされない時期がやってくる",https://youtu.be/S6E88k-U1mo
2026-07-28,sessi_life,"【美容の基礎】眠りと食事が髪に与える影響！",https://youtu.be/NCy38KM1MyI
2026-07-28,ko_gi_omoti,"【犬のあるある】ご飯の催促あるある話",https://youtu.be/mfSoPdexL9M
2026-07-29,ise_satoshi,"【心の軽さ】を手に入れる！僕が実践する朝の過ごし方",https://youtu.be/qm_aYISB094
2026-07-29,ise_satoshi,"頑張っても報われない時の心の持ち方【癒しの哲学】",https://youtu.be/7ha_o5vonf0
2026-07-29,satoshi_mind_coach,"【独立】向き不向きの違いは？自分を満たすことの大切さ",https://youtu.be/9_hj7MoEugQ
2026-07-29,ise_sato_kosodate,"【親としてのあり方】を考えてみた",https://youtu.be/EeSm7ZLDFFE
2026-07-29,ise_kenkou_otaku,"【忙しい人も】朝の習慣が大切な理由",https://youtu.be/o3Zq4hCXIZw
2026-07-29,tabi_life_design40,"【家計】家族とお金の話し合い方",https://youtu.be/smqMg2gcS5c
2026-07-29,sessi_life,"【白髪染め】頻度で悩む方へ、美容師が語るコツ",https://youtu.be/8PDeP8G3x-0
2026-07-29,ko_gi_omoti,"【コーギーもち】お散歩中にやる謎のポーズってなんのこつなのだ",https://youtu.be/jfwM35xT4Xg
2026-07-30,satoshi_mindset,"【占いで価値観が変わる】算命学の魅力とは？",https://youtu.be/JNs961QP1Pk
2026-07-30,satoshi_mind_coach,"【独立・フリーランスの真実】起業アイデアより先に必要なもの",https://youtu.be/mnjPTEtjqzs
2026-07-30,ise_sato_kosodate,"【子育て】僕が大切にする習慣",https://youtu.be/QNMwciskp74
2026-07-30,ise_kenkou_otaku,"【美容師の実体験】体重以上に大事にしていること",https://youtu.be/0m0zlDA1Gto
2026-07-30,tabi_life_design40,"【ご褒美】あなたに与える習慣が人生を変える【40代からのお金の使い方】",https://youtu.be/3lrO1LbwIK4
2026-07-30,ko_gi_omoti,"【雨の日】散歩拒否事件のあるある",https://youtu.be/j0ijljksBC4
2026-07-30,ise_satoshi,"【聖の】他人と比べてしまう自分をやめる",https://youtu.be/d70gVnt-ld0
2026-07-31,satoshi_mindset,"【運気の流れ】人生の周期を知って未来を楽しむ方法",https://youtu.be/UCX1yp2MVZk
2026-07-31,satoshi_mind_coach,"【僕の独立】やりかねない人の最初に考えるべきこと",https://youtu.be/BEQZXtX7Ucw
2026-07-31,ise_sato_kosodate,"【親子の未来】子どもが独立した後を見据えて今できること",https://youtu.be/SCT72FKv5ZY
2026-07-31,ise_kenkou_otaku,"【健康診断】僕が変わった理由",https://youtu.be/y3mwx18q7yc
2026-07-31,tabi_life_design40,"【聖の実体験】40代のお金の使い方を変えて心が軽くなった話",https://youtu.be/AK2KzRRig3A
2026-07-31,sessi_life,"【白髪ケア】四十路以降の見落としがちなポイントとは？",https://youtu.be/7M2U468ppZU
2026-07-31,ko_gi_omoti,"【もちのあるある】抜け毛が止まらないんだなのだ！",https://youtu.be/P44Bk_J_hQU
2026-08-01,satoshi_mindset,"【占い】「整える」ための季節の考え方",https://youtu.be/1RLR1MZF76I
2026-08-01,satoshi_mind_coach,"独立の不安と会社員の不安【聖の25年】",https://youtu.be/Yv3wMvlRgW4
2026-08-01,ise_sato_kosodate,"【育児の罪悪感】忙しくて子どもと向き合えない僕",https://youtu.be/YDNVbDQsMso
2026-08-01,ise_kenkou_otaku,"【無理なダイエットの罠】僕が失敗した経験からわかったこと",https://youtu.be/3T2wRj_8tRc
2026-08-01,tabi_life_design40,"【節約】40代からのキャリアとお金の関係",https://youtu.be/nQ3W9y8VQdw
2026-08-01,sessi_life,"【頭皮の乾燥】髪トラブルの原因はコレ！",https://youtu.be/JGIWy4FacuY
2026-08-01,ko_gi_omoti,"【寝相大暴走】飼い主が困る僕の寝る姿",https://youtu.be/MSWJlvq8vfk
2026-08-01,ise_satoshi,"【解放】休むことの罪悪感、なくなりたいなら",https://youtu.be/CqOznWyzx34
2026-08-02,satoshi_mindset,"運気の流れに学ぶ！運が悪い時期の乗り越え方",https://youtu.be/vhaYDubbfhI
2026-08-02,satoshi_mind_coach,"【独立】お金の不安を振り払う僕の方法",https://youtu.be/ob2ccCqbmGk
2026-08-02,ise_sato_kosodate,"【親としての後悔】僕の経験から学んだこと",https://youtu.be/zPEFHWqiI9Y
2026-08-02,ise_kenkou_otaku,"【心と体のつながり】美容師が実感した驚愕の事実",https://youtu.be/CzRYEW4eraY
2026-08-02,tabi_life_design40,"【節約】全部お金に使っちゃった僕が、本当の貧しさに気づいた",https://youtu.be/YzW7_XRH2-8
2026-08-02,sessi_life,"【ヘアケアのコツ】染めた後のケア",https://youtu.be/crFlm7hIMNQ
2026-08-02,okane_taidan,"【年金の受給】知っておきたい「繰り下げ」のメリット",https://youtu.be/y4eea5iA7xI
2026-08-02,okane_taidan,"【ねんきん】これだけ知っておけば安心！ねんきん定期便の見方",https://youtu.be/2LjHkKIKJOE
2026-08-03,satoshi_mindset,"攻める時期と守る時期の見分け方【自然の流れ】",https://youtu.be/QFG6kDLDo_w
2026-08-03,satoshi_mind_coach,"【フリーランスの時間の使い方】僕が変わったこと",https://youtu.be/fGkU86fmT9c
2026-08-03,ise_sato_kosodate,"【子育て】無理なく子どもとの時間を取り戻す【実践する僕】",https://youtu.be/Gk4RTq0MTiY
2026-08-03,ise_kenkou_otaku,"【忙しい経営者】が体を壊す、典型的なパターン",https://youtu.be/UdHpIIaBRjw
2026-08-03,tabi_life_design40,"【四十路のお金の使い方】僕が知った、人生が大きく変わるポイント",https://youtu.be/Diso7JA-oxk
2026-08-03,sessi_life,"【美容のプロが教える】忙しい人でもできる頭皮マッサージのやり方",https://youtu.be/QVMXk6eo7Xw
2026-08-03,ko_gi_omoti,"【コーギーあるある】段差大敵〜なのだ",https://youtu.be/TYLhz6j188g
2026-08-03,okane_taidan,"【遺族年金】知っておくべきこと",https://youtu.be/V1TmeBD_vrw
2026-08-04,satoshi_mindset,"停滞期こそ運気を引き寄せる方法【美容師の知恵】",https://youtu.be/6QtC86Wlf04
2026-08-04,satoshi_mind_coach,"【独立の時期】副業から独立に踏み切るタイミング",https://youtu.be/lFPpH9GQX_8
2026-08-04,ise_sato_kosodate,"【心のマインド】を変えるだけで、子育てがうまくなる!",https://youtu.be/tyrSwarPc2I
2026-08-04,ise_kenkou_otaku,"【美容師の視点】不健康な生活習慣",https://youtu.be/zKfhYKz9MAo
2026-08-04,tabi_life_design40,"【自分への投資】僕が気づいた、後悔しない生き方",https://youtu.be/o8p_r2RIVoU
2026-08-04,sessi_life,"【髪の悩み】細さが気になり始めたら見直したいこと",https://youtu.be/ifCjHZ2GWAk
2026-08-04,ko_gi_omoti,"【コーギーもち】おやつの袋にドキッとしちゃうんだ！",https://youtu.be/CjD3RySo0Qc
2026-08-04,okane_taidan,"【お金の基本】障害年金って?",https://youtu.be/GEJOSCN7968
2026-08-05,satoshi_mind_coach,"【独立の後悔】僕が経験した後悔と無駄を伝えます",https://youtu.be/1xShrw8ZW4Y
2026-08-05,ise_sato_kosodate,"【怒りを処理する】親の怒りが子に与える影響～僕が気づいた立て直しのコツ～",https://youtu.be/F6vquy4B4nI
2026-08-05,ise_kenkou_otaku,"【疲れが抜けない】さんの理由",https://youtu.be/frcunTDqxWs
2026-08-05,tabi_life_design40,"【貯金の目的】考え直したきっかけ",https://youtu.be/dzDdTtCxVeY
2026-08-05,ko_gi_omoti,"【帰宅テンション】飼い主が帰ってきたときのぼくの反応",https://youtu.be/bueixif21FM
2026-08-05,okane_taidan,"【高額療養費】戻ってくるお金って本当？",https://youtu.be/bOnmYeqx1_E
2026-08-06,satoshi_mindset,"自分の流れを知れば焦らない【運気の季節】",https://youtu.be/Aju37zsBPYY
2026-08-06,satoshi_mind_coach,"【独立】経営者になって初めて分かったこと",https://youtu.be/71w0bFLjvZo
2026-08-06,ise_sato_kosodate,"【親としての自分】見せるべき姿とは",https://youtu.be/KHQQCOoTuxY
2026-08-06,ise_kenkou_otaku,"【美容師が語る】食事を抜く癖が招く悪循環",https://youtu.be/39M0rEJQ1RU
2026-08-06,tabi_life_design40,"【お金使い】罪悪感の正体とは？",https://youtu.be/CuMjhEUTFa8
2026-08-06,sessi_life,"【髪の悩み解決！】シャンプーの仕方で変わる髪の印象",https://youtu.be/J4yFh3PTGIE
2026-08-06,ko_gi_omoti,"【犬のお風呂】ぼくの嫌がり方見てくださいなのだ",https://youtu.be/tcudwGMW8Ec
2026-08-07,okane_taidan,"【お金の悩み解決】傷病手当金のもらい方",https://youtu.be/TfrSjifooPY
2026-08-08,okane_taidan,"【失業時】基本手当ってどんなときに貰えるの？",https://youtu.be/F4dQHq83yzY
2026-08-09,okane_taidan,"【お金の基礎】知っておきたい！児童手当のしくみ",https://youtu.be/mbe85sgtmlA
2026-08-10,ise_kenkou_otaku,"【経営者心理】健康を後回しにして大丈夫?僕がいま気づいたこと",https://youtu.be/WSofJ2OgeqQ
2026-08-10,tabi_life_design40,"【節約から人生設計まで】お金より大切な『時間』の使い方",https://youtu.be/OFHJ1JWN7Ok
2026-08-10,sessi_life,"【白髪解決】美容師が伝える上手に付き合う方法",https://youtu.be/y0h7nHa4VrY
2026-08-10,ko_gi_omoti,"【犬の視点】他のお犬さんに会ったときの反応",https://youtu.be/s6NsK6M1gkw
2026-08-10,okane_taidan,"【ふるさと納税】お金が戻ってくるしくみとは？",https://youtu.be/B4bDocJRbcQ
2026-08-10,ise_satoshi,"【焦り】が消えないときに見直したいこと",https://youtu.be/DzPmLQ-EL0M
2026-08-11,satoshi_mindset,"運気の流れを味方にする方法【占いに頼らない】",https://youtu.be/aRUTG5Lau0M
2026-08-11,satoshi_mind_coach,"【独立】停滞期を乗り越える僕の秘訣",https://youtu.be/0ZQd3nJntUA
2026-08-11,ise_kenkou_otaku,"【忙しい人も】簡単な体のケア",https://youtu.be/gYbvEJykELQ
2026-08-11,tabi_life_design40,"【節約】我慢と節約の違いがわかると人生が変わる【聖のワード】",https://youtu.be/KrI6ErLw2D4
2026-08-11,sessi_life,"【四十路の肌】保湿ケアのコツ",https://youtu.be/b6rTXEZYfEY
2026-08-11,ko_gi_omoti,"【もちのあるある】膝の上を取るのはぼくの仕事なのだ",https://youtu.be/sVRCFNYp-F4
2026-08-11,okane_taidan,"【医療費控除】知っておくべき基本",https://youtu.be/fw0I8H4jlw0
2026-08-11,ise_satoshi,"【認められたい】誰かに気づいてもらいたい気持ちと向き合う",https://youtu.be/dKSy0aEOHfA
2026-08-12,satoshi_mindset,"【季節の変わり目】前兆に気づこう！",https://youtu.be/p2TdN8AWp80
2026-08-12,satoshi_mind_coach,"独立してよかった瞬間とは？【美容師の実体験】",https://youtu.be/VGHXBrLVUY8
2026-08-12,ise_sato_kosodate,"【親として】忙しいときの声かけのコツ",https://youtu.be/JZB19lUfFnA
2026-08-12,ise_kenkou_otaku,"【ストレス解決】不調にさせるストレスの怖さ！",https://youtu.be/sTj0CRlSjx0
2026-08-12,tabi_life_design40,"【お金の考え方】独立してから変わった僕の考え方",https://youtu.be/iDAC7dZpAL0
2026-08-12,sessi_life,"【頭皮環境】を整えると髪が変わる理由",https://youtu.be/6BxRhAUBLiU
2026-08-12,ko_gi_omoti,"【冬のあるある】ぼくの冬は布団の中なのだ",https://youtu.be/j88uwipaUZA
2026-08-12,okane_taidan,"【住民税の仕組み】初心者でも分かる解説",https://youtu.be/Lf8KMbzBmkg
2026-08-12,ise_satoshi,"【疲れやすい理由】頑張り屋ほど疲れやすいのはなぜ？",https://youtu.be/pZSCHSTUqbg
2026-08-13,satoshi_mindset,"算命学でわかる相談ベスト３【運気の流れ】",https://youtu.be/XQS1jRhjaO8
2026-08-13,satoshi_mind_coach,"【独立】「安定」を手放す勇気の話",https://youtu.be/7ZdbHt2JZd4
2026-08-13,ise_sato_kosodate,"【子育ての秘訣】僕が子ども時代から学んだこと",https://youtu.be/JpkMumYp8K4
2026-08-13,ise_kenkou_otaku,"【美容師が実践する】40代からの食生活の見直し方",https://youtu.be/Tk5k4tGoZCg
2026-08-13,tabi_life_design40,"【お金の使い方】価値観で決まる!",https://youtu.be/a_l3ftT4sDw
2026-08-13,sessi_life,"美容室でよく聞かれる髪の悩みベスト三",https://youtu.be/xS_WUo6belA
2026-08-13,ko_gi_omoti,"【暑い】ぼくの夏のあるある",https://youtu.be/WDC2chR2jeI
2026-08-13,ise_satoshi,"【小さな成功】気づけない人の根本原因",https://youtu.be/Z7YpYjk9qbo
2026-08-14,satoshi_mindset,"【自分を知れば運気】性格タイプと楽しみ方",https://youtu.be/QtXIm69ugKo
2026-08-14,satoshi_mind_coach,"【独立】僕が助けられた考え方",https://youtu.be/_Bv6gW6Ygq8
2026-08-14,ise_sato_kosodate,"【育児】正解なんてなかった！僕が気づいた子育ての真実",https://youtu.be/qcrx2p5QwUk
2026-08-14,ise_kenkou_otaku,"【健康を取り戻す】僕が運動不足を自覚したきっかけ",https://youtu.be/Ee51kbnhOuI
2026-08-14,tabi_life_design40,"【お金の使い方】人生の満足度が上がるお金の使い方",https://youtu.be/x15i5MueC54
2026-08-14,sessi_life,"【エイジングケア】焦らなくてもよい理由",https://youtu.be/TlSOKa4oB4k
2026-08-14,ko_gi_omoti,"【犬のあるある】新しいおもちゃもすぐ飽きる",https://youtu.be/DCPz9VU0fKI
2026-08-14,okane_taidan,"【お金の 基礎知識】介護保険の基本を知っておこう",https://youtu.be/s-one8KlLjk
2026-08-14,satoshi_mindset,"運気を無駄にしない考え方【季節の流れ】",https://youtu.be/a9bEVuP0bao
2026-08-15,satoshi_mind_coach,"【独立】収入が不安定な時期の乗り切り方",https://youtu.be/EllQ9C6JJYs
2026-08-15,ise_sato_kosodate,"【家族の時間を優先する】僕が決めた理由",https://youtu.be/82vmqF_bGmQ
2026-08-15,ise_kenkou_otaku,"【健康】休むことと体調のつながり",https://youtu.be/WD5gtlZjsuo
2026-08-15,tabi_life_design40,"【人生設計】40代からのお金の使い方",https://youtu.be/N1JvJZ2UZZM
2026-08-15,sessi_life,"【髪のツヤを取り戻す】私のコツはコチラ",https://youtu.be/av2foG-NyoE
2026-08-15,ko_gi_omoti,"【コーギーもちのあるある】飼い主のごはんをずっと見てた",https://youtu.be/v1MvcAqXKr8
2026-08-15,okane_taidan,"【扶養って何？】健康保険の扶養に入る条件",https://youtu.be/QsjzoIJ_6vo
2026-08-15,satoshi_mindset,"【運気の流れ】頑張りどきと休みどきの見極め方",https://youtu.be/5U1Trmy-XYI
2026-08-16,satoshi_mind_coach,"【独立の秘密】人間関係が大きく変わる！僕の25年",https://youtu.be/Np6zY2NtNyY
2026-08-16,ise_sato_kosodate,"【子育ての悩み】子どもの成長を感じた瞬間【聖の実体験】",https://youtu.be/BVnXoNSabuo
2026-08-16,ise_kenkou_otaku,"【美容師の視点】肌と体調の関係",https://youtu.be/ICwztr6xMUo
2026-08-16,tabi_life_design40,"【お金の不安】本当の理由がこちら！",https://youtu.be/uWdbeYROlEs
2026-08-16,sessi_life,"【春の美容】髪トラブルに負けるな！",https://youtu.be/MNkiScDREYA
2026-08-16,ko_gi_omoti,"【もちのあるある】飼い主との朝の楽しみ！",https://youtu.be/IbBTLfCvTao
2026-08-16,ise_satoshi,"【変化の恐怖】を乗り越える僕の方法",https://youtu.be/vxONIxKmkbE
2026-08-16,satoshi_mindset,"【算命学】人間関係の相性を知ろう！",https://youtu.be/MttvwDnJHVY
2026-08-17,satoshi_mind_coach,"【僕の独立】自分で決めるということの重さと自由",https://youtu.be/Qn4OqkoDyyE
2026-08-17,ise_sato_kosodate,"【子育て】夫婦で価値観がズレたとき",https://youtu.be/a0t-idlGxDc
2026-08-17,ise_kenkou_otaku,"【経営に影響】体の土台を整える方法とは",https://youtu.be/NhaDC9w6I9w
2026-08-17,sessi_life,"自分にぴったりのヘアケア選び法【美容ライターせっし】",https://youtu.be/uOHlhOctgw8
2026-08-17,ko_gi_omoti,"【コーギーあるある】写真を撮ると動く問題",https://youtu.be/ONnFiENR1h0
2026-08-17,okane_taidan,"【知らないと損】マイナ保険証の影響とは",https://youtu.be/4lx4GOOLLoU
2026-08-17,satoshi_mindset,"【運気の流れ】今は種をまく時期を理解する",https://youtu.be/8vp8mSMiAhE
2026-08-18,satoshi_mind_coach,"独立したいあなたへ【向いている人・いない人】",https://youtu.be/VSIPW60CE88
2026-08-18,ise_sato_kosodate,"【親子の絆】子どもに寂しい思いをさせた経験",https://youtu.be/wZJBNcamdF8
2026-08-18,ise_kenkou_otaku,"忙しい人ほど朝の習慣が大切な理由【美容師の視点】",https://youtu.be/t9BotTMCI0c
2026-08-18,tabi_life_design40,"収入が増えても満たされなかった時期の教訓【人生設計】",https://youtu.be/nL0H4VcusMg
2026-08-18,sessi_life,"髪の健康は睡眠と食事から【美容の基本】",https://youtu.be/-dxOlKYqaXk
2026-08-18,ko_gi_omoti,"コーギーのご飯催促あるある集【もちの視点】",https://youtu.be/SFUqLGobLW0
2026-08-18,okane_taidan,"【知らないと損】の基本のしくみ",https://youtu.be/p_E8re-SsF8
2026-08-18,ise_satoshi,"【自分に優しくなる方法】心が軽くなるヒント",https://youtu.be/jNe_S9eeOdo
2026-08-18,satoshi_mindset,"運気が良い人に共通する秘密とは【季節の流れ】",https://youtu.be/XBrh0hcvmqQ
2026-08-19,satoshi_mind_coach,"起業アイデアより大事なこととは【独立の真実】",https://youtu.be/GLUoHy8VvMI
2026-08-19,ise_sato_kosodate,"親としての「あり方」を見つめ直す旅【心の成長】",https://youtu.be/aXEti2g4aqo
2026-08-19,ise_kenkou_otaku,"体重管理より大事なこと【美容師の知恵】",https://youtu.be/28OvkqMVrEA
2026-08-19,sessi_life,"白髪染めの頻度を見直そう【美容の知恵】",https://youtu.be/E51T7BU-0ec
2026-08-19,ko_gi_omoti,"お散歩中の謎の踏ん張りポーズ【コーギーあるある】",https://youtu.be/78AFqv2PUSM
2026-08-19,okane_taidan,"【つみたて】知らないと損する制度",https://youtu.be/qmXywCBW9PQ
2026-08-19,satoshi_mindset,"焦りから学んだ運気の流れとは【自己成長の秘訣】",https://youtu.be/FfVgrwTOBXY
2026-08-20,satoshi_mind_coach,"【独立を迷うあなたへ】最初に考えるべきこと",https://youtu.be/x5v-68bBM3c
2026-08-20,ise_sato_kosodate,"子育て中の習慣が変える親子関係【体験談】",https://youtu.be/wWJAmqDRHPw
2026-08-20,ise_kenkou_otaku,"健康診断で変わった僕の習慣とは【聖の実体験】",https://youtu.be/GnP5VwJgWQ0
